<?xml version="1.0"?>
<!-- This is a generated file. It is highly recommended that you DO NOT edit this file. -->
<iq:manifest version="3" xmlns:iq="http://www.garmin.com/xml/connectiq">
    <!--
        Use "Monkey C: Edit Application" from the Visual Studio Code command palette
        to update the application attributes.
    -->
    <iq:application id="60aed1ad-677a-441b-bf24-6b2a28f812f8" type="widget" name="@Strings.AppName" entry="QBoardApp" launcherIcon="@Drawables.LauncherIcon" minApiLevel="1.2.0">
        <!--
            Use the following from the Visual Studio Code comand palette to edit
            the build targets:
            "Monkey C: Set Products by Version" - Lets you add all producs that meet the
                                                    minimum SDK version of the application
            "Monkey C: Edit Products" - Lets you add or remove any product
        -->
        <iq:products>
            <iq:product id="gpsmap66"/>
        </iq:products>
        <!--
            Use "Monkey C: Edit Permissions" from the Visual Studio Code command
            palette to update permissions.
        -->
        <iq:permissions/>
        <!--
            Use "Monkey C: Edit Languages" from the Visual Studio Code command
            palette to edit your compatible language list.
        -->
        <iq:languages/>
        <!--
            Use "Monkey C: Configure Monkey Barrel" from the Visual Studio Code
            command palette to edit the included barrels.
        -->
        <iq:barrels/>
    </iq:application>
</iq:manifest>